{
    "msg": "\n     \n   \nThe Security Interest Group is a forum for vendors and developers to discuss\nthe state of standardization and development agendas for security technologies\nacross all the various venues for standardization.\n\nThe inaugural meeting is May 24th, to be held simultaneously 8AM-4PM PST at\nOracle in Redwood Shores, and 11AM-7PM at MIT/LCS with audio- and\nweb-conferencing.\n\nThis mailing list is public, though not publicized. Anyone may subscribe, and\na web-based archive is at http://www.w3.org/pub/WWW/Archives/Public/sig/ .\nSend the command \"subscribe [email]\" or \"unsubscribe [email]\" in the Subject\nline or body of a message to sig-request@w3.org.\n\nThanks,\nRohit Khare\n\n---\nRohit Khare -- 617/253-5884\nTechnical Staff, World Wide Web Consortium\nNE43-354, MIT LCS, Cambridge, MA 02139\n\n\n",
    "receivers": [
        " sig@w3.org\n",
        " hal@mit.edu",
        " timbl@w3.org\n"
    ],
    "sender": "\"khare@pest.w3.org\"\n",
    "sent": "\"Fri, 17 May 96 17:13:00 -0400\"\n",
    "subject": "\"Welcome to the Security Interest Group mailing list\"\n"
}