{
    "msg": "The Security Interest Group is a assembly for seller and developer to discus the province of standardisation and evolution agenda for protection technology crosswise all the assorted venue for standardisation.The inauguration encounter is May 24th, to be keep simultaneously 8AM-4PM PST at Oracle in Redwood Shores, and 11AM-7PM at MIT/LCS with sound- and entanglement-conferencing.This posting listing is populace, though not populaceized.Anyone May sign, and a entanglement-establish archive is at http://www.w3.org/pub/WWW/Archives/Public/sig/ .Send the bid \"subscribe [email]\" or \"unsubscribe [email]\" in the Subject argumentation or torso of a content to sig-request@w3.org.",
    "receivers": [
        " sig@w3.org\n",
        " hal@mit.edu",
        " timbl@w3.org\n"
    ],
    "sender": "\"khare@pest.w3.org\"\n",
    "sent": "\"Fri, 17 May 96 17:13:00 -0400\"\n",
    "subject": "\"Welcome to the Security Interest Group mailing list\"\n"
}