{
    "msg": "The Security Interest Group is a assembly for seller and developer to discus the province of standardisation and evolution agenda for protection technology crosswise all the assorted venue for standardisation.The inauguration encounter is May 24th, to be keep simultaneously 8AM-4PM PST at Oracle in Redwood Shores, and 11AM-7PM at MIT/LCS with sound- and entanglement-conferencing.This posting listing is populace, though not populaceized.Anyone May sign, and a entanglement-establish archive is at http://www.w3.org/pub/WWW/Archives/Public/sig/ .Send the bid \"subscribe [email]\" or \"unsubscribe [email]\" in the Subject argumentation or torso of a content to sig-request@w3.org.Thanks, Rohit Khare  --- Rohit Khare -- 617/253-5eighteight4 Technical Staff, World Wide Web Consortium NE43-354, MIT LCS, Cambridge, MA 02139              Proposed Agenda: ---------------- 7:30        Breakfast (Brunch)  eight-ten        Introductions; upside precedence issue summamary.ten-ten:30    Jeff Schiller, IETF Overview ten:30-eleven    Jim Miller, W3C Overview eleven-eleven:30    [TBD: Burt Kaliski, PKCS Futures or SDSI] eleven:30-12:30 Roundtable: X.509v3 and CA VD issue  12:30-1:30  Lunch (Snack)  1:30-2:30   Proposed amalgamation of precedence list 2:30-3:30   Mapping undertaking to forum and uncommitted resource 3:30-four      Plotting following encounter, imperativeness liberation reappraisal  Homework Questions: ------------------- Company representative mustiness be fix to lineation their upside prioirty issue in the debut sessions.Participants should besides believe through their concern requirement, technical need, uncommitted resource, and allow forum for standardization.More detail guideline will be send out soon.West Coast Site: ---------------- Oracle Corporation cc Oracle Parkway, Box 659410 Redwood Shores, CA  94065 Host: Paul Lambert Emamail: palamber@us.prophet.com Phone: (415) 506-0370   East Coast Site: ---------------- MIT/W3 Consortium 545 Technology Square Cambridge, MA 02139 Host: Rohit Khare       (RSVPs REQUIRED!",
    "receivers": [
        " sig@w3.org\n",
        " hal@mit.edu",
        " timBL@w3.org",
        " assist@w3.org\n"
    ],
    "sender": "\"khare@pest.w3.org\"\n",
    "sent": "\"Fri, 17 May 96 17:14:26 -0400\"\n",
    "subject": "\"May 24th Agenda\"\n"
}